{"assets/check.png":["assets/check.png"],"assets/east.png":["assets/east.png"],"assets/north.png":["assets/north.png"],"assets/northeast.png":["assets/northeast.png"],"assets/northwest.png":["assets/northwest.png"],"assets/skillatics_schwarzWeiss.png":["assets/skillatics_schwarzWeiss.png"],"assets/skillatics_schwarzWeiss_transparent.png":["assets/skillatics_schwarzWeiss_transparent.png"],"assets/skillatics_weiss.png":["assets/skillatics_weiss.png"],"assets/skillatics_weiss_foreground.png":["assets/skillatics_weiss_foreground.png"],"assets/south.png":["assets/south.png"],"assets/southeast.png":["assets/southeast.png"],"assets/southwest.png":["assets/southwest.png"],"assets/splash_dark.png":["assets/splash_dark.png"],"assets/splash_light.png":["assets/splash_light.png"],"assets/west.png":["assets/west.png"],"fonts/AlphabetLetters.ttf":["fonts/AlphabetLetters.ttf"],"fonts/CustomIcons.ttf":["fonts/CustomIcons.ttf"],"fonts/SkillaticsIcon.ttf":["fonts/SkillaticsIcon.ttf"],"packages/cupertino_icons/assets/CupertinoIcons.ttf":["packages/cupertino_icons/assets/CupertinoIcons.ttf"],"packages/font_awesome_flutter/lib/fonts/fa-brands-400.ttf":["packages/font_awesome_flutter/lib/fonts/fa-brands-400.ttf"],"packages/font_awesome_flutter/lib/fonts/fa-regular-400.ttf":["packages/font_awesome_flutter/lib/fonts/fa-regular-400.ttf"],"packages/font_awesome_flutter/lib/fonts/fa-solid-900.ttf":["packages/font_awesome_flutter/lib/fonts/fa-solid-900.ttf"]}