[{"family":"MaterialIcons","fonts":[{"asset":"fonts/MaterialIcons-Regular.otf"}]},{"family":"CustomIcons","fonts":[{"asset":"fonts/CustomIcons.ttf"}]},{"family":"SkillaticsIcon","fonts":[{"asset":"fonts/SkillaticsIcon.ttf"}]},{"family":"AlphabetLettersIcons","fonts":[{"asset":"fonts/AlphabetLetters.ttf"}]},{"family":"NumberIcons","fonts":[{"asset":"fonts/NumberZeroToFifty.ttf"}]},{"family":"packages/cupertino_icons/CupertinoIcons","fonts":[{"asset":"packages/cupertino_icons/assets/CupertinoIcons.ttf"}]},{"family":"packages/font_awesome_flutter/FontAwesomeBrands","fonts":[{"weight":400,"asset":"packages/font_awesome_flutter/lib/fonts/fa-brands-400.ttf"}]},{"family":"packages/font_awesome_flutter/FontAwesomeRegular","fonts":[{"weight":400,"asset":"packages/font_awesome_flutter/lib/fonts/fa-regular-400.ttf"}]},{"family":"packages/font_awesome_flutter/FontAwesomeSolid","fonts":[{"weight":900,"asset":"packages/font_awesome_flutter/lib/fonts/fa-solid-900.ttf"}]}]